scenario,label,bn_p_success,el_mean,el_std,el_median,el_max,rri_mean,rri_max,var_95,var_99,cvar_99,p_extreme,cascade_direct,cascade_regulatory,cascade_reputational,cascade_churn,cascade_operational,cascade_total_cascade,iso_maturity,iso_maturity_label
baseline,"Baseline (Medium Threat, Medium Control)",0.5305428134556575,52901.25130194849,13589.770941087809,51273.64471126209,146042.23314463577,21156.036614263907,62374.124212795,32149.311201261815,38809.835432917476,42693.44369953928,0.0,52901.25130194849,10584.259084776866,2645.2053596391984,1586.096761127632,100177.94306641749,167894.75557390964,0.6,medium
worst_case,"Worst Case (High Threat, Weak Control)",0.999,99257.79040593807,24709.272664676828,96471.1129044194,264772.93231152697,39703.78442576706,124801.13751754507,59834.91736364243,72074.88877663146,78642.03905168672,0.0,99257.79040593807,19869.65366550639,4962.743622886434,2976.991980645437,100177.94306641749,227245.1227413938,0.6,medium
mitigated,"Mitigated (High Threat, Strong Control)",0.999,99257.79040593807,24709.272664676828,96471.1129044194,264772.93231152697,39703.78442576706,124801.13751754507,59834.91736364243,72074.88877663146,78642.03905168672,0.0,99257.79040593807,19869.65366550639,4962.743622886434,2976.991980645437,100177.94306641749,227245.1227413938,0.6,medium
empirical,"Empirical (FGSM/C&W, P=0.531)",0.5305428134556575,56610.77329906303,14475.676755936973,54897.92582428833,152559.66822139572,22638.17067936111,71909.23923797389,34382.2718643538,41326.90345493846,45261.365948744664,0.0,56610.77329906303,11335.523789359344,2833.038210841828,1697.2932797973972,100177.94306641749,172654.5716454791,0.6,medium
