direct,regulatory,reputational,churn,operational,total_cascade
56610.77329906303,11335.523789359344,2833.038210841828,1697.2932797973972,100177.94306641749,172654.5716454791
