maturity_level,maturity_value,el_mean,el_std,rri_mean,var_95,var_99,cvar_99,tail_premium,p_extreme
weak,0.3,56610.77329906303,14475.676755936973,39621.402669080024,58769.76047625292,69869.65746414149,76404.58178800446,6534.9243238629715,0.0
medium,0.6,56610.77329906303,14475.676755936973,22638.17067936111,34382.2718643538,41326.90345493846,45261.365948744664,3934.4624938062043,0.0
strong,0.8,56610.77329906303,14475.676755936973,11316.061830774755,18723.705399329887,23102.6023752615,25590.28526573347,2487.6828904719696,0.0
