domain,p_success_pct,cvar_99_weak_usd,cvar_99_medium_usd,cvar_99_strong_usd,cvar_reduction_weak_to_strong_pct,impact_mean_usd,p_success_mean,p_success_max
Fraud Detection,1.8463,234.19,133.43,66.53,71.59,333.3378678215117,0.0184630757640476,0.0196770938446014
Credit Scoring,18.0813,2318.05,1351.9,731.38,68.45,6307.920548551197,0.1808134920634921,0.28
AML Detection,16.1909,709244.32,404021.36,201538.21,71.58,127401.4598658407,0.161908617996172,0.2432989690721649
Algorithmic Trading,56.9963,76404.58,45261.37,25590.29,66.51,100000.0,0.5699628825548008,0.8348623853211009
